id,condition,accepts_mercadopago,category_id,seller_address.state.name,title,health,warranty,original_price,start_time,catalog_product_id,available_quantity,official_store_id,sold_quantity,domain_id,price,status,listing_type_id,buying_mode,seller_id,initial_quantity,tags,seller_address.country.name,base_price,item_id
MLA865606925,new,True,MLA1652,Capital Federal,Apple Macbook Air 13.3' 2020 Intel I3 8gb 256gb,0.75,Garantía del vendedor: 6 meses,,2020-07-02T00:57:57.000Z,MLA15913938,1,,15,MLA-NOTEBOOKS,160000.0,active,gold_special,buy_it_now,5276693,33,"['brand_verified', 'good_quality_picture', 'good_quality_thumbnail', 'loyalty_discount_eligible', 'immediate_payment', 'cart_eligible']",Argentina,160000.0,MLA865606925
MLA902168595,new,True,MLA1652,Córdoba,"Apple Macbook Air 13.3 Intel Core I3 256gb Ssd, 8gb Envios",0.87,Garantía de fábrica: 12 meses,,2020-12-24T15:15:11.000Z,MLA15913938,1,,4,MLA-NOTEBOOKS,154900.0,active,gold_special,buy_it_now,158169010,5,"['good_quality_picture', 'good_quality_thumbnail', 'immediate_payment', 'cart_eligible']",Argentina,154900.0,MLA902168595
MLA865569740,new,True,MLA1652,Capital Federal,"Macbook Air 13.3 Intel Core I5 512gb Ssd, 8gb (nuevo Modelo)",0.87,Garantía de fábrica: 12 meses,,2020-07-01T20:54:03.000Z,,2,,15,MLA-NOTEBOOKS,225000.0,active,gold_special,buy_it_now,44778367,34,"['good_quality_thumbnail', 'loyalty_discount_eligible', 'brand_verified', 'good_quality_picture', 'immediate_payment', 'cart_eligible']",Argentina,225000.0,MLA865569740
MLA871311137,new,True,MLA1652,Capital Federal,Apple Macbook Air 13 Core I5 8gb 512gb Ssd Modelo 2020,0.87,Garantía del vendedor: 6 meses,,2020-08-02T06:21:45.000Z,,1,,6,MLA-NOTEBOOKS,200000.0,active,gold_special,buy_it_now,5276693,8,"['brand_verified', 'good_quality_picture', 'good_quality_thumbnail', 'immediate_payment', 'cart_eligible']",Argentina,200000.0,MLA871311137
MLA903181331,new,True,MLA1652,Buenos Aires,Apple Macbook Pro 16 2020 Touch Bar Intel Core I7 512gb,0.87,Garantía de fábrica: 12 meses,,2021-01-05T15:15:27.000Z,,1,1938,1,MLA-NOTEBOOKS,459999.0,active,gold_special,buy_it_now,608846165,5,"['brand_verified', 'good_quality_picture', 'good_quality_thumbnail', 'immediate_payment', 'cart_eligible']",Argentina,459999.0,MLA903181331
MLA896864876,new,True,MLA1652,Capital Federal,"Apple Macbook Air 2020 13.3 Core I3 8gb 256gb A2179 1,29kg",0.87,Garantía de fábrica: 12 meses,,2020-11-12T13:17:42.000Z,MLA15913938,2,,6,MLA-NOTEBOOKS,154499.0,active,gold_special,buy_it_now,86898163,10,"['brand_verified', 'good_quality_picture', 'good_quality_thumbnail', 'loyalty_discount_eligible', 'immediate_payment', 'cart_eligible']",Argentina,154499.0,MLA896864876
MLA831825009,new,True,MLA1652,Capital Federal,Macbook Air 2020 Retina Sensor Id Ssd256gb 18 Cuotas Sin Int,1.0,Garantía del vendedor: 12 meses,,2019-12-26T17:37:14.000Z,MLA15913938,10500,,12,MLA-NOTEBOOKS,259999.0,active,gold_pro,buy_it_now,225480741,20901,"['brand_verified', 'good_quality_picture', 'good_quality_thumbnail', 'immediate_payment', 'cart_eligible']",Argentina,259999.0,MLA831825009
MLA903404556,new,True,MLA1652,Capital Federal,Apple Macbook Air 13.3 Español Intel Core I3 256gb Ssd 8gb,0.87,Garantía de fábrica: 1 años,,2021-01-07T02:09:31.000Z,MLA15913938,1,,2,MLA-NOTEBOOKS,155999.0,active,gold_special,buy_it_now,53644240,3,"['brand_verified', 'good_quality_picture', 'good_quality_thumbnail', 'immediate_payment', 'cart_eligible']",Argentina,155999.0,MLA903404556
MLA896870097,new,True,MLA1652,Capital Federal,Apple Macbook Air 2020 13.3 A2179 Intel Core I3 8gb 256gb ,0.9,Garantía de fábrica: 12 meses,,2020-11-12T13:39:30.000Z,MLA15913938,2,,7,MLA-NOTEBOOKS,154000.0,active,gold_special,buy_it_now,69526727,14,"['good_quality_thumbnail', 'loyalty_discount_eligible', 'brand_verified', 'good_quality_picture', 'immediate_payment', 'cart_eligible']",Argentina,154000.0,MLA896870097
MLA897147605,new,True,MLA1652,Buenos Aires,Macbook Pro 13 Touchbar 2020 I5 8gb 256gb Ssd Garantia,0.8,Garantía de fábrica: 12 meses,,2020-11-14T01:59:05.000Z,MLA16598196,1,,0,MLA-NOTEBOOKS,260000.0,active,gold_special,buy_it_now,337885694,1,"['brand_verified', 'good_quality_picture', 'good_quality_thumbnail', 'immediate_payment', 'cart_eligible']",Argentina,260000.0,MLA897147605
MLA885869161,new,True,MLA1055,Buenos Aires,Moto G6 Plus 64 Gb Nimbus 4 Gb Ram,,Garantía de fábrica: 12 meses,,2020-10-28T20:04:33.000Z,MLA9452524,1,2227,4,MLA-CELLPHONES,35998.8,active,gold_special,buy_it_now,183212103,24,"['brand_verified', 'extended_warranty_eligible', 'good_quality_picture', 'immediate_payment', 'cart_eligible']",Argentina,35998.8,MLA885869161
MLA902033509,used,True,MLA1055,Capital Federal,Moto G6 Plus |+caja Completa|-no Prende ,0.66,Sin garantía,,2020-12-22T22:49:02.000Z,MLA9452522,1,,0,MLA-CELLPHONES,11500.0,active,gold_special,buy_it_now,156434130,1,"['dragged_bids_and_visits', 'poor_quality_picture', 'immediate_payment', 'cart_eligible']",Argentina,11500.0,MLA902033509
MLA900886052,used,True,MLA1055,Capital Federal,Celular Motorola G6 Play,0.66,Sin garantía,,2020-12-13T07:32:16.000Z,MLA9452522,1,,0,MLA-CELLPHONES,16000.0,active,gold_special,buy_it_now,6778245,1,"['poor_quality_picture', 'immediate_payment', 'cart_eligible']",Argentina,16000.0,MLA900886052
MLA902102999,used,True,MLA1055,Capital Federal,Moto G6 32 Gb Usado,0.77,Sin garantía,,2020-12-23T17:44:46.000Z,MLA9652753,1,,0,MLA-CELLPHONES,16000.0,active,gold_special,buy_it_now,184895209,1,"['poor_quality_picture', 'immediate_payment', 'cart_eligible']",Argentina,16000.0,MLA902102999
MLA899797530,new,True,MLA1055,Capital Federal,Celular Motorola Xt1922-4 - Moto G6 Play - 32gb - Dorado,0.7,Garantía del vendedor: 6 meses,,2020-12-03T13:37:24.000Z,MLA9413721,1,,5,MLA-CELLPHONES,19000.0,active,gold_special,buy_it_now,79599554,10,"['brand_verified', 'good_quality_picture', 'loyalty_discount_eligible', 'immediate_payment', 'cart_eligible']",Argentina,19000.0,MLA899797530
MLA844157293,new,True,MLA1055,Capital Federal,Motorola Moto G6 Bueno Indigo Liberado,0.72,Garantía del vendedor: 90 días,,2020-03-16T20:34:25.000Z,MLA9652753,1,,5,MLA-CELLPHONES,18999.0,active,gold_special,buy_it_now,304248120,11,"['good_quality_picture', 'good_quality_thumbnail', 'immediate_payment', 'cart_eligible']",Argentina,18999.0,MLA844157293
MLA900570213,used,True,MLA1055,Buenos Aires,Celular Moto G6 Para Repuesto / No Prende,0.66,Sin garantía,,2020-12-10T19:52:50.000Z,MLA9652753,1,,0,MLA-CELLPHONES,8990.0,active,gold_special,buy_it_now,98247283,1,"['poor_quality_picture', 'immediate_payment', 'cart_eligible']",Argentina,8990.0,MLA900570213
MLA837480456,new,True,MLA1055,Capital Federal,Motorola Moto G6 Plus Muy Bueno Indigo Liberado,0.72,Garantía del vendedor: 90 días,,2020-02-04T12:48:36.000Z,MLA9452522,1,,25,MLA-CELLPHONES,28299.0,active,gold_special,buy_it_now,304248120,37,"['brand_verified', 'good_quality_picture', 'good_quality_thumbnail', 'immediate_payment', 'cart_eligible']",Argentina,28299.0,MLA837480456
MLA878673136,new,True,MLA1055,Capital Federal,Motorola Moto G6 Muy Bueno Indigo Liberado,0.8,Garantía del vendedor: 90 días,,2020-09-14T18:09:43.000Z,MLA9652753,1,,1,MLA-CELLPHONES,21299.0,active,gold_special,buy_it_now,304248120,3,"['catalog_product_candidate', 'good_quality_picture', 'immediate_payment', 'cart_eligible']",Argentina,21299.0,MLA878673136
MLA904510711,new,True,MLA1055,Capital Federal,Moto G6 32 Gb Plata 3 Gb Ram Tienda Hyt,0.8,Garantía del vendedor: 6 meses,,2021-01-16T20:42:00.000Z,MLA9652753,1,,0,MLA-CELLPHONES,21000.0,active,gold_special,buy_it_now,216203805,1,"['good_quality_picture', 'immediate_payment', 'cart_eligible']",Argentina,21000.0,MLA904510711
MLA900491668,new,True,MLA1055,Buenos Aires,Samsung Galaxy S20 Fe 128 Gb Cloud Navy 6 Gb Ram,,Garantía de fábrica: 12 meses,,2020-12-10T12:54:10.000Z,MLA16211370,500,1550,500,MLA-CELLPHONES,79999.0,active,gold_pro,buy_it_now,608846165,2600,"['good_quality_picture', 'loyalty_discount_eligible', 'brand_verified', 'extended_warranty_eligible', 'immediate_payment']",Argentina,79999.0,MLA900491668
MLA885848688,new,True,MLA1055,Capital Federal,Samsung Galaxy S20+ 128 Gb Cosmic Gray 8 Gb Ram,,Garantía de fábrica: 12 meses,,2020-10-28T19:27:22.000Z,MLA15482172,1,1425,25,MLA-CELLPHONES,119999.0,active,gold_special,buy_it_now,287440338,39,"['brand_verified', 'good_quality_picture', 'immediate_payment', 'cart_eligible']",Argentina,119999.0,MLA885848688
MLA903779886,new,True,MLA1055,Capital Federal,Samsung Galaxy S20 Ultra 128 Gb Cosmic Black 12 Gb Ram,,Garantía de fábrica: 12 meses,,2021-01-10T21:30:32.000Z,MLA15764703,1,,5,MLA-CELLPHONES,153999.0,active,gold_special,buy_it_now,79076726,6,"['brand_verified', 'good_quality_picture', 'loyalty_discount_eligible', 'immediate_payment', 'cart_eligible']",Argentina,153999.0,MLA903779886
MLA896352575,new,True,MLA1055,Buenos Aires,Samsung S20 Fan Edition Azul,1,Garantía de fábrica: 12 meses,,2020-11-09T12:46:34.000Z,MLA16144128,500,1550,500,MLA-CELLPHONES,79999.0,active,gold_pro,buy_it_now,608846165,3190,"['brand_verified', 'extended_warranty_eligible', 'good_quality_picture', 'good_quality_thumbnail', 'loyalty_discount_eligible', 'immediate_payment']",Argentina,79999.0,MLA896352575
MLA896353418,new,True,MLA1055,Buenos Aires,Samsung S20 Fan Edition Verde,1,Garantía de fábrica: 12 meses,,2020-11-09T12:46:35.000Z,MLA16144128,500,1550,500,MLA-CELLPHONES,79999.0,active,gold_pro,buy_it_now,608846165,1984,"['extended_warranty_eligible', 'good_quality_picture', 'good_quality_thumbnail', 'loyalty_discount_eligible', 'brand_verified', 'immediate_payment']",Argentina,79999.0,MLA896353418
MLA898866036,new,True,MLA1055,Capital Federal,Celular Samsung Galaxy S20 Fe (fan Edition) Liberado Rojo,0.9,Garantía de fábrica: 12 meses,,2020-11-26T14:00:06.000Z,MLA16144128,1,,0,MLA-CELLPHONES,74999.0,active,gold_special,buy_it_now,172753273,12,"['good_quality_thumbnail', 'loyalty_discount_eligible', 'brand_verified', 'extended_warranty_eligible', 'good_quality_picture', 'immediate_payment', 'cart_eligible']",Argentina,74999.0,MLA898866036
MLA896352574,new,True,MLA1055,Buenos Aires,Samsung S20 Fan Edition ,1,Garantía de fábrica: 12 meses,,2020-11-09T12:46:34.000Z,MLA16144128,100,1550,200,MLA-CELLPHONES,79999.0,active,gold_pro,buy_it_now,608846165,348,"['brand_verified', 'extended_warranty_eligible', 'good_quality_picture', 'good_quality_thumbnail', 'immediate_payment']",Argentina,79999.0,MLA896352574
MLA896352576,new,True,MLA1055,Buenos Aires,Samsung S20 Fan Edition,1,Garantía de fábrica: 12 meses,,2020-11-09T12:46:34.000Z,MLA16144128,250,1550,250,MLA-CELLPHONES,79999.0,active,gold_pro,buy_it_now,608846165,792,"['brand_verified', 'extended_warranty_eligible', 'good_quality_picture', 'good_quality_thumbnail', 'immediate_payment']",Argentina,79999.0,MLA896352576
MLA904219481,new,True,MLA1055,Capital Federal,Samsung Galaxy S20 Fe * Nuevos * Libres * Gtia * Tope Hogar,0.9,Garantía de fábrica: 12 meses,,2021-01-14T16:20:14.000Z,MLA16144128,1,,2,MLA-CELLPHONES,72900.0,active,gold_special,buy_it_now,174667217,5,"['extended_warranty_eligible', 'good_quality_picture', 'good_quality_thumbnail', 'immediate_payment', 'cart_eligible']",Argentina,72900.0,MLA904219481
MLA903632138,new,True,MLA1055,Buenos Aires,Samsung Galaxy S20+ 128 Gb Cosmic Black 8 Gb Ram,0.8,Garantía de fábrica: 1 años,,2021-01-08T22:02:21.000Z,MLA15482170,1,,1,MLA-CELLPHONES,139999.0,active,gold_special,buy_it_now,270044118,2,"['good_quality_picture', 'good_quality_thumbnail', 'immediate_payment', 'cart_eligible']",Argentina,139999.0,MLA903632138
MLA832834395,new,True,MLA352001,Capital Federal, Google Chromecast 3rd Generation  Full Hd  Carbón,,Garantía del vendedor: 12 meses,,2020-01-03T11:56:29.000Z,MLA13841393,500,,500,MLA-STREAMING_MEDIA_DEVICES,5820.0,active,gold_special,buy_it_now,255318143,5379,"['good_quality_picture', 'good_quality_thumbnail', 'loyalty_discount_eligible', 'immediate_payment', 'cart_eligible']",Argentina,5820.0,MLA832834395
MLA903487324,new,True,MLA352001,Capital Federal, Chromecast With Google Tv  De Voz 4k 8gb  Snow Con Memoria Ram De 2gb,,Garantía del vendedor: 3 meses,,2021-01-07T19:50:48.000Z,MLA16233185,500,,5,MLA-STREAMING_MEDIA_DEVICES,14800.0,active,gold_special,buy_it_now,284824585,1019,"['brand_verified', 'good_quality_picture', 'immediate_payment', 'cart_eligible']",Argentina,14800.0,MLA903487324
MLA832082627,new,True,MLA352001,Capital Federal, Google Chromecast 2nd Generation  Full Hd 256mb  Negro Con Memoria Ram De 512mb,,,,2019-12-27T21:33:05.000Z,MLA6125039,1,,500,MLA-STREAMING_MEDIA_DEVICES,5799.0,active,gold_special,buy_it_now,70470402,783,"['good_quality_picture', 'good_quality_thumbnail', 'loyalty_discount_eligible', 'brand_verified', 'immediate_payment', 'cart_eligible']",Argentina,5799.0,MLA832082627
MLA898700662,new,True,MLA352001,Capital Federal, Google Chromecast Ultra  4k  Negro Con Memoria Ram De 1gb,,Garantía del vendedor: 3 meses,,2020-11-25T14:11:57.000Z,MLA6304839,1,,25,MLA-STREAMING_MEDIA_DEVICES,14200.0,active,gold_special,buy_it_now,309453406,57,"['brand_verified', 'good_quality_picture', 'immediate_payment', 'cart_eligible']",Argentina,14200.0,MLA898700662
MLA782706781,new,True,MLA352001,Capital Federal,Google Chromecast 3 Generacion Nuevo En Caja Hdmi C/ Fuente,0.88,Garantía de fábrica: 1 años,,2019-04-22T15:38:33.000Z,MLA13841392,1,,500,MLA-STREAMING_MEDIA_DEVICES,5749.0,active,gold_special,buy_it_now,69526727,6227,"['brand_verified', 'good_quality_picture', 'good_quality_thumbnail', 'loyalty_discount_eligible', 'immediate_payment', 'cart_eligible']",Argentina,5749.0,MLA782706781
MLA759895787,new,True,MLA352001,Capital Federal,Google Chromecast 3 Generacion Smart Tv Original + Fuente,0.9,Garantía del vendedor: 12 meses,,2018-11-26T17:57:06.000Z,MLA13841393,500,,500,MLA-STREAMING_MEDIA_DEVICES,5709.0,active,gold_special,buy_it_now,86898163,3083,"['brand_verified', 'good_quality_picture', 'good_quality_thumbnail', 'loyalty_discount_eligible', 'immediate_payment', 'cart_eligible']",Argentina,5709.0,MLA759895787
MLA681084500,new,True,MLA352001,Capital Federal,Google Chromecast 3 Smart Tv Hdmi Usb Nuevo Modelo Gtia ,0.83,Garantía del vendedor: 6 meses,,2017-08-31T18:17:03.000Z,MLA13841392,250,,500,MLA-STREAMING_MEDIA_DEVICES,5739.0,active,gold_special,buy_it_now,255318143,6268,"['brand_verified', 'catalog_listing_eligible', 'good_quality_picture', 'good_quality_thumbnail', 'loyalty_discount_eligible', 'immediate_payment', 'cart_eligible']",Argentina,5739.0,MLA681084500
MLA886510335,new,True,MLA352001,Capital Federal,Google Chromecast Con Google Tv 4k Hdmi Streaming Android Tv,0.8,Garantía del vendedor: 3 meses,17999,2020-11-02T20:16:28.000Z,MLA16233184,1,,258,MLA-STREAMING_MEDIA_DEVICES,16299.0,active,gold_special,buy_it_now,119914491,358,"['catalog_listing_eligible', 'good_quality_picture', 'good_quality_thumbnail', 'loyalty_discount_eligible', 'brand_verified', 'immediate_payment', 'cart_eligible']",Argentina,16299.0,MLA886510335
MLA897609943,new,True,MLA352001,Capital Federal,Chromecast 4ta Generacion Con Google Tv + Control Remoto ,0.9,Garantía del vendedor: 6 meses,,2020-11-17T18:13:55.000Z,MLA16233184,250,,250,MLA-STREAMING_MEDIA_DEVICES,14999.0,active,gold_special,buy_it_now,153491318,614,"['good_quality_picture', 'good_quality_thumbnail', 'brand_verified', 'immediate_payment', 'cart_eligible']",Argentina,14999.0,MLA897609943
MLA856774527,new,True,MLA352001,Capital Federal,Google Chromecast 3ra Generacion 2018 Smart Tv Bulk Sin Caja,0.83,Garantía del vendedor: 6 meses,5999,2020-05-20T18:29:16.000Z,MLA13841392,500,,500,MLA-STREAMING_MEDIA_DEVICES,4899.0,active,gold_special,buy_it_now,309453406,3149,"['catalog_listing_eligible', 'good_quality_picture', 'good_quality_thumbnail', 'immediate_payment', 'cart_eligible']",Argentina,4899.0,MLA856774527
MLA855055612,new,True,MLA1652,Capital Federal,Notebook Exo Smart E19 Intel Celeron Ram4gb Ssd64gb Win10 14,1,Garantía de fábrica: 12 meses,46799,2020-05-12T19:14:44.000Z,MLA16368693,500,341,5000,MLA-NOTEBOOKS,39999.0,active,gold_pro,buy_it_now,180214913,9710,"['ahora-12', 'brand_verified', 'good_quality_picture', 'good_quality_thumbnail', 'immediate_payment']",Argentina,39999.0,MLA855055612
MLA879479401,new,True,MLA1652,Buenos Aires,Notebook Core I3 14'' Memoria 8gb Almacenaje 1tb W10 - Tedge,1,Garantía de fábrica: 12 meses,112999,2020-09-18T21:32:38.000Z,,250,1824,5,MLA-NOTEBOOKS,94999.0,active,gold_pro,buy_it_now,417972986,500,"['ahora-12', 'brand_verified', 'good_quality_picture', 'good_quality_thumbnail', 'immediate_payment']",Argentina,94999.0,MLA879479401
MLA813103277,new,True,MLA1652,Capital Federal,Notebook Cx Intel Atom 4gb Ram 64gb Ssd Full Hd 1080p Win 10,0.87,Garantía de fábrica: 12 meses,47999,2019-09-05T17:57:09.000Z,MLA15480111,1,,250,MLA-NOTEBOOKS,31999.0,active,gold_special,buy_it_now,25704919,465,"['extended_warranty_eligible', 'good_quality_picture', 'good_quality_thumbnail', 'loyalty_discount_eligible', 'immediate_payment', 'cart_eligible']",Argentina,31999.0,MLA813103277
MLA879933423,new,True,MLA1652,Capital Federal,Notebook Lenovo S145 Intel Celeron N4000 15.6 4gb 1tb Oferta,0.9,Garantía de fábrica: 12 meses,61999,2020-09-21T20:22:44.000Z,MLA16240087,250,,500,MLA-NOTEBOOKS,48999.0,active,gold_special,buy_it_now,174556876,1293,"['brand_verified', 'extended_warranty_eligible', 'good_quality_picture', 'good_quality_thumbnail', 'immediate_payment', 'cart_eligible']",Argentina,48999.0,MLA879933423
MLA885889339,new,True,MLA1652,Capital Federal,Notebook Hp 240 G7 Intel Dual Core 8gb 500 Gb Windows 10,0.77,Garantía del vendedor: 12 meses,,2020-10-28T21:36:18.000Z,,500,,250,MLA-NOTEBOOKS,54999.0,active,gold_special,buy_it_now,215299808,1171,"['brand_verified', 'extended_warranty_eligible', 'good_quality_picture', 'good_quality_thumbnail', 'immediate_payment', 'cart_eligible']",Argentina,54999.0,MLA885889339
MLA834652518,new,True,MLA1652,Capital Federal,Notebook Exo Smart E25 4gb 500gb W10 14 Hdmi Usb,1,Garantía de fábrica: 12 meses,62399,2020-01-16T15:35:29.000Z,MLA15535054,50,341,5000,MLA-NOTEBOOKS,52999.0,active,gold_pro,buy_it_now,180214913,5430,"['ahora-12', 'brand_verified', 'good_quality_picture', 'good_quality_thumbnail', 'immediate_payment']",Argentina,52999.0,MLA834652518
MLA884925033,new,True,MLA1652,Capital Federal,Notebook Hp Amd Ryzen 3 3250u 4gb 128gb Ssd Windows 10,0.87,Garantía de fábrica: 12 meses,75999,2020-10-22T13:07:12.000Z,MLA16041765,50,,500,MLA-NOTEBOOKS,60999.0,active,gold_special,buy_it_now,174556876,585,"['brand_verified', 'extended_warranty_eligible', 'good_quality_picture', 'good_quality_thumbnail', 'immediate_payment', 'cart_eligible']",Argentina,60999.0,MLA884925033
MLA895890603,new,True,MLA1652,Capital Federal,Notebook Hp Gamer 16-a0061la I5 10300h 8gb 512gb 1650 Win 10,1,Garantía de fábrica: 12 meses,145999,2020-11-05T16:37:13.000Z,MLA16590654,1,317,100,MLA-NOTEBOOKS,138699.0,active,gold_pro,buy_it_now,260474743,148,"['brand_verified', 'good_quality_picture', 'good_quality_thumbnail', 'loyalty_discount_eligible', 'immediate_payment', 'cart_eligible']",Argentina,138699.0,MLA895890603
MLA845307107,new,True,MLA1652,Capital Federal,Notebook Gadnic Glow Cloudbook Intel 4gb Windows 10 + Funda,0.75,Garantía del vendedor: 12 meses,55399,2020-03-25T18:57:50.000Z,,100,945,250,MLA-NOTEBOOKS,35999.0,active,gold_special,buy_it_now,37133205,726,"['extended_warranty_eligible', 'good_quality_picture', 'good_quality_thumbnail', 'loyalty_discount_eligible', 'brand_verified', 'immediate_payment', 'cart_eligible']",Argentina,35999.0,MLA845307107
MLA897829960,new,True,MLA1652,Capital Federal,Notebook Hp 255 G7 Amd Dual Core A9 9425 8gb 1tb Radeon R5  ,0.88,Garantía de fábrica: 12 meses,,2020-11-19T00:04:13.000Z,MLA16264687,500,,250,MLA-NOTEBOOKS,52999.0,active,gold_special,buy_it_now,215299808,1270,"['brand_verified', 'extended_warranty_eligible', 'good_quality_picture', 'good_quality_thumbnail', 'immediate_payment', 'cart_eligible']",Argentina,52999.0,MLA897829960
