item_id,product
MLA832834395,Chromecast
MLA903487324,Chromecast
MLA832082627,Chromecast
MLA898700662,Chromecast
MLA871703477,Chromecast
MLA782706781,Chromecast
MLA759895787,Chromecast
MLA681084500,Chromecast
MLA886510335,Chromecast
MLA897609943,Chromecast
MLA885869161,Motorola G6
MLA884005713,Motorola G6
MLA902033509,Motorola G6
MLA900886052,Motorola G6
MLA899797530,Motorola G6
MLA902102999,Motorola G6
MLA844157293,Motorola G6
MLA904510711,Motorola G6
MLA900570213,Motorola G6
MLA837480456,Motorola G6
MLA900491668,Samsung S20
MLA885848688,Samsung S20
MLA903779886,Samsung S20
MLA896352575,Samsung S20
MLA896353418,Samsung S20
MLA898866036,Samsung S20
MLA896352574,Samsung S20
MLA896352576,Samsung S20
MLA904219481,Samsung S20
MLA904279545,Samsung S20
MLA865569740,Macbook
MLA865606925,Macbook
MLA902168595,Macbook
MLA880589258,Macbook
MLA871311137,Macbook
MLA896864876,Macbook
MLA831825009,Macbook
MLA879993229,Macbook
MLA903404556,Macbook
MLA897147605,Macbook
MLA855055612,Notebook
MLA879479401,Notebook
MLA813103277,Notebook
MLA879933423,Notebook
MLA885889339,Notebook
MLA834652518,Notebook
MLA884925033,Notebook
MLA895890603,Notebook
MLA845307107,Notebook
MLA897829960,Notebook
